{
  "0": {
    "intensity": 0.13117573325598492,
    "popularity": 0.13376227790528306,
    "connectivity": 0.13493364642622707
  },
  "1": {
    "intensity": 0.11827682770802353,
    "popularity": 0.10957776280191171,
    "connectivity": 0.1049054395314315
  },
  "2": {
    "intensity": 0.12344134656825485,
    "popularity": 0.11916015968596423,
    "connectivity": 0.11742182366585169
  },
  "3": {
    "intensity": 0.12731065423714816,
    "popularity": 0.13208829921246643,
    "connectivity": 0.1343710057261307
  },
  "4": {
    "intensity": 0.11330186635348236,
    "popularity": 0.11495046520261179,
    "connectivity": 0.1161944354468322
  },
  "5": {
    "intensity": 0.12749782791795483,
    "popularity": 0.13083948344548427,
    "connectivity": 0.13240238596175888
  },
  "6": {
    "intensity": 0.13481969200289817,
    "popularity": 0.13622187165471122,
    "connectivity": 0.13664628519290226
  },
  "7": {
    "intensity": 0.12417605195625316,
    "popularity": 0.12339968009156732,
    "connectivity": 0.12312497804886595
  }
}