{
  "gini-organizations": 0.5649911714923617,
  "gini-people": 0.7056404662370854
}